"Source:","/home/havard/Development/tdt4295/pcb/centrifuge_mcu/centrifuge_mcu.kicad_sch"
"Date:","Thu 29 Sep 2022 12:48:37 AM CEST"
"Tool:","Eeschema (6.0.7)"
"Generator:","/usr/share/kicad/plugins/bom_csv_grouped_by_value.py"
"Component Count:","114"

"Individual Components:"

"Item","Qty","Reference(s)","Value","LibPart","Footprint","Datasheet","Purchase","Size","Threshold","Title","Tolerance"
"","","C101","22u","Device:C","Capacitor_SMD:C_1206_3216Metric_Pad1.33x1.80mm_HandSolder","~","https://www.digikey.no/no/products/detail/samsung-electro-mechanics/CL31B226KQHNNNE/3888804","","","",""
"","","C102","22u","Device:C","Capacitor_SMD:C_1206_3216Metric_Pad1.33x1.80mm_HandSolder","~","https://www.digikey.no/no/products/detail/samsung-electro-mechanics/CL31B226KQHNNNE/3888804","","","",""
"","","C103","22u","Device:C","Capacitor_SMD:C_1206_3216Metric_Pad1.33x1.80mm_HandSolder","~","https://www.digikey.no/no/products/detail/samsung-electro-mechanics/CL31B226KQHNNNE/3888804","","","",""
"","","C104","22u","Device:C","Capacitor_SMD:C_1206_3216Metric_Pad1.33x1.80mm_HandSolder","~","https://www.digikey.no/no/products/detail/samsung-electro-mechanics/CL31B226KQHNNNE/3888804","","","",""
"","","C105","22u","Device:C","Capacitor_SMD:C_1206_3216Metric_Pad1.33x1.80mm_HandSolder","~","https://www.digikey.no/no/products/detail/samsung-electro-mechanics/CL31B226KQHNNNE/3888804","","","",""
"","","C106","22u","Device:C","Capacitor_SMD:C_1206_3216Metric_Pad1.33x1.80mm_HandSolder","~","https://www.digikey.no/no/products/detail/samsung-electro-mechanics/CL31B226KQHNNNE/3888804","","","",""
"","","C107","100u","Device:C_Polarized_US","Capacitor_THT:CP_Radial_D10.0mm_P5.00mm","~","https://www.digikey.no/no/products/detail/panasonic-electronic-components/EEU-FC1H101/266332","","","",""
"","","C108","10u","Device:C","Capacitor_SMD:C_1206_3216Metric_Pad1.33x1.80mm_HandSolder","~","https://www.digikey.no/no/products/detail/murata-electronics/GRT31CC81E106KE01L/5416837","","","",""
"","","C109","10u","Device:C","Capacitor_SMD:C_1206_3216Metric_Pad1.33x1.80mm_HandSolder","~","https://www.digikey.no/no/products/detail/murata-electronics/GRT31CC81E106KE01L/5416837","","","",""
"","","C110","10u","Device:C","Capacitor_SMD:C_1206_3216Metric_Pad1.33x1.80mm_HandSolder","~","https://www.digikey.no/no/products/detail/murata-electronics/GRT31CC81E106KE01L/5416837","","","",""
"","","C111","100n","Device:C","Capacitor_SMD:C_1206_3216Metric_Pad1.33x1.80mm_HandSolder","~","https://www.digikey.no/no/products/detail/walsin-technology-corporation/1206B104K250CT/9355100","","","",""
"","","C112","100n","Device:C","Capacitor_SMD:C_1206_3216Metric_Pad1.33x1.80mm_HandSolder","~","https://www.digikey.no/no/products/detail/walsin-technology-corporation/1206B104K250CT/9355100","","","",""
"","","C113","100n","Device:C","Capacitor_SMD:C_1206_3216Metric_Pad1.33x1.80mm_HandSolder","~","https://www.digikey.no/no/products/detail/walsin-technology-corporation/1206B104K250CT/9355100","","","",""
"","","C114","100n","Device:C","Capacitor_SMD:C_1206_3216Metric_Pad1.33x1.80mm_HandSolder","~","https://www.digikey.no/no/products/detail/walsin-technology-corporation/1206B104K250CT/9355100","","","",""
"","","C115","100n","Device:C","Capacitor_SMD:C_1206_3216Metric_Pad1.33x1.80mm_HandSolder","~","https://www.digikey.no/no/products/detail/walsin-technology-corporation/1206B104K250CT/9355100","","","",""
"","","C116","100n","Device:C","Capacitor_SMD:C_1206_3216Metric_Pad1.33x1.80mm_HandSolder","~","https://www.digikey.no/no/products/detail/walsin-technology-corporation/1206B104K250CT/9355100","","","",""
"","","C117","1u","Device:C","Capacitor_SMD:C_0805_2012Metric_Pad1.18x1.45mm_HandSolder","~","https://www.digikey.no/no/products/detail/kemet/C0805C105J4REC7800/8643700","","","",""
"","","C118","1u","Device:C","Capacitor_SMD:C_0805_2012Metric_Pad1.18x1.45mm_HandSolder","~","https://www.digikey.no/no/products/detail/kemet/C0805C105J4REC7800/8643700","","","",""
"","","C119","1u","Device:C","Capacitor_SMD:C_0805_2012Metric_Pad1.18x1.45mm_HandSolder","~","https://www.digikey.no/no/products/detail/kemet/C0805C105J4REC7800/8643700","","","",""
"","","C120","100n","Device:C","Capacitor_SMD:C_1206_3216Metric_Pad1.33x1.80mm_HandSolder","~","https://www.digikey.no/no/products/detail/walsin-technology-corporation/1206B104K250CT/9355100","","","",""
"","","C121","100n","Device:C","Capacitor_SMD:C_1206_3216Metric_Pad1.33x1.80mm_HandSolder","~","https://www.digikey.no/no/products/detail/walsin-technology-corporation/1206B104K250CT/9355100","","","",""
"","","C122","100n","Device:C","Capacitor_SMD:C_1206_3216Metric_Pad1.33x1.80mm_HandSolder","~","https://www.digikey.no/no/products/detail/walsin-technology-corporation/1206B104K250CT/9355100","","","",""
"","","C123","10u","Device:C","Capacitor_SMD:C_1206_3216Metric_Pad1.33x1.80mm_HandSolder","~","https://www.digikey.no/no/products/detail/murata-electronics/GRT31CC81E106KE01L/5416837","","","",""
"","","C124","10u","Device:C","Capacitor_SMD:C_1206_3216Metric_Pad1.33x1.80mm_HandSolder","~","https://www.digikey.no/no/products/detail/murata-electronics/GRT31CC81E106KE01L/5416837","","","",""
"","","C125","10u","Device:C","Capacitor_SMD:C_1206_3216Metric_Pad1.33x1.80mm_HandSolder","~","https://www.digikey.no/no/products/detail/murata-electronics/GRT31CC81E106KE01L/5416837","","","",""
"","","C126","100n","Device:C","Capacitor_SMD:C_1206_3216Metric_Pad1.33x1.80mm_HandSolder","~","https://www.digikey.no/no/products/detail/walsin-technology-corporation/1206B104K250CT/9355100","","","",""
"","","C127","100n","Device:C","Capacitor_SMD:C_1206_3216Metric_Pad1.33x1.80mm_HandSolder","~","https://www.digikey.no/no/products/detail/walsin-technology-corporation/1206B104K250CT/9355100","","","",""
"","","C128","100n","Device:C","Capacitor_SMD:C_1206_3216Metric_Pad1.33x1.80mm_HandSolder","~","https://www.digikey.no/no/products/detail/walsin-technology-corporation/1206B104K250CT/9355100","","","",""
"","","C129","22u","Device:C","Capacitor_SMD:C_1206_3216Metric_Pad1.33x1.80mm_HandSolder","~","https://www.digikey.no/no/products/detail/samsung-electro-mechanics/CL31B226KQHNNNE/3888804","","","",""
"","","C130","22u","Device:C","Capacitor_SMD:C_1206_3216Metric_Pad1.33x1.80mm_HandSolder","~","https://www.digikey.no/no/products/detail/samsung-electro-mechanics/CL31B226KQHNNNE/3888804","","","",""
"","","C131","22u","Device:C","Capacitor_SMD:C_1206_3216Metric_Pad1.33x1.80mm_HandSolder","~","https://www.digikey.no/no/products/detail/samsung-electro-mechanics/CL31B226KQHNNNE/3888804","","","",""
"","","C132","22u","Device:C","Capacitor_SMD:C_1206_3216Metric_Pad1.33x1.80mm_HandSolder","~","https://www.digikey.no/no/products/detail/samsung-electro-mechanics/CL31B226KQHNNNE/3888804","","","",""
"","","C133","22u","Device:C","Capacitor_SMD:C_1206_3216Metric_Pad1.33x1.80mm_HandSolder","~","https://www.digikey.no/no/products/detail/samsung-electro-mechanics/CL31B226KQHNNNE/3888804","","","",""
"","","C134","22u","Device:C","Capacitor_SMD:C_1206_3216Metric_Pad1.33x1.80mm_HandSolder","~","https://www.digikey.no/no/products/detail/samsung-electro-mechanics/CL31B226KQHNNNE/3888804","","","",""
"","","C135","100n","Device:C","Capacitor_SMD:C_0805_2012Metric_Pad1.18x1.45mm_HandSolder","~","https://www.digikey.no/no/products/detail/taiyo-yuden/LMF212B7104KGHT/10379109","","","",""
"","","C136","100n","Device:C","Capacitor_SMD:C_0805_2012Metric_Pad1.18x1.45mm_HandSolder","~","https://www.digikey.no/no/products/detail/taiyo-yuden/LMF212B7104KGHT/10379109","","","",""
"","","C137","100n","Device:C","Capacitor_SMD:C_0805_2012Metric_Pad1.18x1.45mm_HandSolder","~","https://www.digikey.no/no/products/detail/taiyo-yuden/LMF212B7104KGHT/10379109","","","",""
"","","C138","10u","Device:C_Polarized_US","Capacitor_SMD:CP_Elec_4x5.4","~","https://www.digikey.no/no/products/detail/nichicon/UWT1C100MCL1GB/589914","","","",""
"","","C139","1u","Device:C","Capacitor_SMD:C_0805_2012Metric_Pad1.18x1.45mm_HandSolder","~","https://www.digikey.no/no/products/detail/kemet/C0805C105J4REC7800/8643700","","","",""
"","","C140","100n","Device:C","Capacitor_SMD:C_0805_2012Metric_Pad1.18x1.45mm_HandSolder","~","https://www.digikey.no/no/products/detail/taiyo-yuden/LMF212B7104KGHT/10379109","","","",""
"","","C141","100n","Device:C","Capacitor_SMD:C_0805_2012Metric_Pad1.18x1.45mm_HandSolder","~","https://www.digikey.no/no/products/detail/taiyo-yuden/LMF212B7104KGHT/10379109","","","",""
"","","C142","12p","Device:C","Capacitor_SMD:C_0805_2012Metric_Pad1.18x1.45mm_HandSolder","~","https://www.digikey.no/no/products/detail/vishay-vitramon/VJ0805A120FXJCW1BC/8307136","","","",""
"","","C143","100n","Device:C","Capacitor_SMD:C_0805_2012Metric_Pad1.18x1.45mm_HandSolder","~","https://www.digikey.no/no/products/detail/taiyo-yuden/LMF212B7104KGHT/10379109","","","",""
"","","C144","12p","Device:C","Capacitor_SMD:C_0805_2012Metric_Pad1.18x1.45mm_HandSolder","~","https://www.digikey.no/no/products/detail/vishay-vitramon/VJ0805A120FXJCW1BC/8307136","","","",""
"","","C145","100n","Device:C","Capacitor_SMD:C_0805_2012Metric_Pad1.18x1.45mm_HandSolder","~","https://www.digikey.no/no/products/detail/taiyo-yuden/LMF212B7104KGHT/10379109","","","",""
"","","C146","100n","Device:C","Capacitor_SMD:C_0805_2012Metric_Pad1.18x1.45mm_HandSolder","~","https://www.digikey.no/no/products/detail/taiyo-yuden/LMF212B7104KGHT/10379109","","","",""
"","","C147","100n","Device:C","Capacitor_SMD:C_0805_2012Metric_Pad1.18x1.45mm_HandSolder","~","https://www.digikey.no/no/products/detail/taiyo-yuden/LMF212B7104KGHT/10379109","","","",""
"","","C148","100n","Device:C","Capacitor_SMD:C_0805_2012Metric_Pad1.18x1.45mm_HandSolder","~","https://www.digikey.no/no/products/detail/taiyo-yuden/LMF212B7104KGHT/10379109","","","",""
"","","C149","10u","Device:C_Polarized_US","Capacitor_SMD:CP_Elec_4x5.4","~","https://www.digikey.no/no/products/detail/nichicon/UWT1C100MCL1GB/589914","","","",""
"","","C150","100n","Device:C","Capacitor_SMD:C_0805_2012Metric_Pad1.18x1.45mm_HandSolder","~","https://www.digikey.no/no/products/detail/taiyo-yuden/LMF212B7104KGHT/10379109","","","",""
"","","D101","LED_YELLOW_2V_20mA","Device:LED","Diode_SMD:D_0805_2012Metric_Pad1.15x1.40mm_HandSolder","~","https://www.digikey.no/no/products/detail/sunled/XZMYK54W-8/8259039","","","",""
"","","J101","Conn_02x06_Odd_Even","Connector_Generic:Conn_02x06_Odd_Even","Connector_PinHeader_2.54mm:PinHeader_2x06_P2.54mm_Vertical","~","","","","",""
"","","J102","FPGA_Power","Connector:Conn_01x06_Male","Connector_PinHeader_2.54mm:PinHeader_1x06_P2.54mm_Vertical","~","","","","",""
"","","J103","FPGA_extra","Connector:Conn_01x04_Male","Connector_PinHeader_2.54mm:PinHeader_1x04_P2.54mm_Vertical","~","","","","",""
"","","J104","FPGA_control","Connector:Conn_01x04_Male","Connector_PinHeader_2.54mm:PinHeader_1x04_P2.54mm_Vertical","~","","","","",""
"","","J105","FPGA_SPI","Connector:Conn_01x04_Male","Connector_PinHeader_2.54mm:PinHeader_1x04_P2.54mm_Vertical","~","","","","",""
"","","J106","DDC_I2Cs","Connector:Conn_01x04_Male","Connector_PinHeader_2.54mm:PinHeader_1x04_P2.54mm_Vertical","~","","","","",""
"","","J107","ACD_I2C","Connector:Conn_01x02_Male","Connector_PinHeader_2.54mm:PinHeader_1x02_P2.54mm_Vertical","~","","","","",""
"","","J108","ACD_RST","Connector:Conn_01x02_Male","Connector_PinHeader_2.54mm:PinHeader_1x02_P2.54mm_Vertical","~","","","","",""
"","","J109","USB_B_Micro","Connector:USB_B_Micro","Connector_USB:USB_Micro-B_Molex-105017-0001","~","https://www.digikey.no/no/products/detail/molex/1050171001/5293188","","","",""
"","","J110","Barrel_Jack","Connector:Barrel_Jack_Switch","Connector_BarrelJack:BarrelJack_CUI_PJ-102AH_Horizontal","~","https://www.digikey.no/no/products/detail/tensility-international-corp/54-00133/9685442","","","",""
"","","J111","PowerIn","Connector:Conn_01x02_Male","Connector_PinHeader_2.54mm:PinHeader_1x02_P2.54mm_Vertical","~","","","","",""
"","","J112","PowerPads","Connector:Conn_01x02_Male","centrifuge_mcu:PowerPads","~","","","","",""
"","","J113","Conn_02x10_Odd_Even","Connector_Generic:Conn_02x10_Odd_Even","Connector_PinHeader_1.27mm:PinHeader_2x10_P1.27mm_Vertical","~","","Cortex Debug+ETM Connector (1.27mm)","","",""
"","","J114","Conn_02x07_Counter_Clockwise","Connector_Generic:Conn_02x07_Odd_Even","Connector_PinHeader_2.54mm:PinHeader_2x07_P2.54mm_Vertical","~","","","","Extra GPIO",""
"","","J115","SD_Card","Connector:SD_Card","Connector_Card:SD_Kyocera_145638009511859+","http://portal.fciconnect.com/Comergent//fci/drawing/10067847.pdf","","","","",""
"","","L101","1.5u","Device:L","centrifuge_mcu:L_Sumida_CR75","~","https://www.digikey.no/no/products/detail/sumida-america-inc/0415CDMCCDS-1R5MC/9490383","","","","Ip>2.5A, Irms>2.1A"
"","","L102","1.5u","Device:L","centrifuge_mcu:L_Sumida_CR75","~","https://www.digikey.no/no/products/detail/sumida-america-inc/0415CDMCCDS-1R5MC/9490383","","","","Ipeek>2.8A, Irms>2.1A"
"","","L103","2.2u","Device:L","Inductor_SMD:L_Vishay_IHLP-2020","~","https://www.digikey.no/no/products/detail/vishay-dale/IHLP2020CZER2R2M5A/13985228","","","","Ip>2.9A, Irms>2.1A"
"","","L104","1.5u","Device:L","centrifuge_mcu:L_Sumida_CR75","~","https://www.digikey.no/no/products/detail/sumida-america-inc/0415CDMCCDS-1R5MC/9490383","","","","Ip>2.8A, Irms>2.1A"
"","","L105","2.2u","Device:L","Inductor_SMD:L_Vishay_IHLP-2020","~","https://www.digikey.no/no/products/detail/vishay-dale/IHLP2020CZER2R2M5A/13985228","","","","Ip>2.9A, Irms>2.1A"
"","","L106","3.3u","Device:L","centrifuge_mcu:L_TDK_7065","~","https://www.digikey.no/no/products/detail/tdk-corporation/SPM6545VT-3R3M-D/14638088","","","","Ipeek>3.7A, Irms>2.3A"
"","","Q101","Q_PMOS_DGS","Device:Q_PMOS_GDS","Package_TO_SOT_THT:TO-220-3_Vertical","~","https://www.digikey.no/no/products/detail/infineon-technologies/SPP80P06PHXKSA1/2081673","","","",""
"","","Q102","Q_NMOS_GSD","Device:Q_NMOS_GSD","Package_TO_SOT_SMD:SOT-323_SC-70_Handsoldering","~","https://www.digikey.no/no/products/detail/panjit-international-inc/PJC138K-AU-R1-000A1/14661065","","","",""
"","","R101","2.2k","Device:R","Resistor_SMD:R_0805_2012Metric_Pad1.20x1.40mm_HandSolder","~","https://www.digikey.no/no/products/detail/yageo/AC0805FR-072K2L/5896727","","","",""
"","","R102","2.2k","Device:R","Resistor_SMD:R_0805_2012Metric_Pad1.20x1.40mm_HandSolder","~","https://www.digikey.no/no/products/detail/yageo/AC0805FR-072K2L/5896727","","","",""
"","","R103","2.2k","Device:R","Resistor_SMD:R_0805_2012Metric_Pad1.20x1.40mm_HandSolder","~","https://www.digikey.no/no/products/detail/yageo/AC0805FR-072K2L/5896727","","","",""
"","","R104","2.2k","Device:R","Resistor_SMD:R_0805_2012Metric_Pad1.20x1.40mm_HandSolder","~","https://www.digikey.no/no/products/detail/yageo/AC0805FR-072K2L/5896727","","","",""
"","","R105","2.2k","Device:R","Resistor_SMD:R_0805_2012Metric_Pad1.20x1.40mm_HandSolder","~","https://www.digikey.no/no/products/detail/yageo/AC0805FR-072K2L/5896727","","","",""
"","","R106","2.2k","Device:R","Resistor_SMD:R_0805_2012Metric_Pad1.20x1.40mm_HandSolder","~","https://www.digikey.no/no/products/detail/yageo/AC0805FR-072K2L/5896727","","","",""
"","","R107","5.6M","Device:R","Resistor_SMD:R_0805_2012Metric_Pad1.20x1.40mm_HandSolder","~","https://www.digikey.no/no/products/detail/stackpole-electronics-inc/RMCF0805FT5M60/1713201","","","","1%"
"","","R108","6.81k","Device:R","Resistor_SMD:R_0805_2012Metric_Pad1.20x1.40mm_HandSolder","~","https://www.digikey.no/no/products/detail/stackpole-electronics-inc/RNCP0805FTD6K81/2240257","","1%","",""
"","","R109","22.1k","Device:R","Resistor_SMD:R_0805_2012Metric_Pad1.20x1.40mm_HandSolder","~","https://www.digikey.no/no/products/detail/stackpole-electronics-inc/RNCP0805FTD22K1/2240273","","1%","",""
"","","R110","33k","Device:R","Resistor_SMD:R_0805_2012Metric_Pad1.20x1.40mm_HandSolder","~","https://www.digikey.no/no/products/detail/yageo/AC0805FR-0733KL/5896774","","","","1%"
"","","R111","22.1k","Device:R","Resistor_SMD:R_0805_2012Metric_Pad1.20x1.40mm_HandSolder","~","https://www.digikey.no/no/products/detail/stackpole-electronics-inc/RNCP0805FTD22K1/2240273","","1%","",""
"","","R112","73.2k","Device:R","Resistor_SMD:R_0805_2012Metric_Pad1.20x1.40mm_HandSolder","~","https://www.digikey.no/no/products/detail/yageo/RC0805FR-0773K2L/728129","","1%","",""
"","","R113","22.1k","Device:R","Resistor_SMD:R_0805_2012Metric_Pad1.20x1.40mm_HandSolder","~","https://www.digikey.no/no/products/detail/stackpole-electronics-inc/RNCP0805FTD22K1/2240273","","1%","",""
"","","R114","100k","Device:R","Resistor_SMD:R_0805_2012Metric_Pad1.20x1.40mm_HandSolder","~","https://www.digikey.no/no/products/detail/yageo/AC0805FR-07100KL/5896520","","","",""
"","","R115","100k","Device:R","Resistor_SMD:R_0805_2012Metric_Pad1.20x1.40mm_HandSolder","~","https://www.digikey.no/no/products/detail/yageo/AC0805FR-07100KL/5896520","","","",""
"","","R116","100k","Device:R","Resistor_SMD:R_0805_2012Metric_Pad1.20x1.40mm_HandSolder","~","https://www.digikey.no/no/products/detail/yageo/AC0805FR-07100KL/5896520","","","",""
"","","R117","30.1k","Device:R","Resistor_SMD:R_0805_2012Metric_Pad1.20x1.40mm_HandSolder","~","https://www.digikey.no/no/products/detail/yageo/RC0805FR-0730K1L/727845","","","","1%"
"","","R118","22.1k","Device:R","Resistor_SMD:R_0805_2012Metric_Pad1.20x1.40mm_HandSolder","~","https://www.digikey.no/no/products/detail/stackpole-electronics-inc/RNCP0805FTD22K1/2240273","","","","1%"
"","","R119","73.2k","Device:R","Resistor_SMD:R_0805_2012Metric_Pad1.20x1.40mm_HandSolder","~","https://www.digikey.no/no/products/detail/yageo/RC0805FR-0773K2L/728129","","1%","",""
"","","R120","22.1k","Device:R","Resistor_SMD:R_0805_2012Metric_Pad1.20x1.40mm_HandSolder","~","https://www.digikey.no/no/products/detail/stackpole-electronics-inc/RNCP0805FTD22K1/2240273","","","","1%"
"","","R121","124k","Device:R","Resistor_SMD:R_0805_2012Metric_Pad1.20x1.40mm_HandSolder","~","https://www.digikey.no/no/products/detail/stackpole-electronics-inc/RMCF0805FT124K/1760657","","","","1%"
"","","R122","22.1k","Device:R","Resistor_SMD:R_0805_2012Metric_Pad1.20x1.40mm_HandSolder","~","https://www.digikey.no/no/products/detail/stackpole-electronics-inc/RNCP0805FTD22K1/2240273","","","","1%"
"","","R123","62","Device:R","Resistor_SMD:R_0805_2012Metric_Pad1.20x1.40mm_HandSolder","~","https://www.digikey.no/no/products/detail/yageo/AC0805FR-0762RL/5896938","","","",""
"","","R124","10k","Device:R","Resistor_SMD:R_0805_2012Metric_Pad1.20x1.40mm_HandSolder","~","https://www.digikey.no/no/products/detail/yageo/AC0805FR-0710KL/2827834","","","",""
"","","R125","10k","Device:R","Resistor_SMD:R_0805_2012Metric_Pad1.20x1.40mm_HandSolder","~","https://www.digikey.no/no/products/detail/yageo/AC0805FR-0710KL/2827834","","","",""
"","","R126","10k","Device:R","Resistor_SMD:R_0805_2012Metric_Pad1.20x1.40mm_HandSolder","~","https://www.digikey.no/no/products/detail/yageo/AC0805FR-0710KL/2827834","","","",""
"","","R127","10k","Device:R","Resistor_SMD:R_0805_2012Metric_Pad1.20x1.40mm_HandSolder","~","https://www.digikey.no/no/products/detail/yageo/AC0805FR-0710KL/2827834","","","",""
"","","R128","10k","Device:R","Resistor_SMD:R_0805_2012Metric_Pad1.20x1.40mm_HandSolder","~","https://www.digikey.no/no/products/detail/yageo/AC0805FR-0710KL/2827834","","","",""
"","","R129","10k","Device:R","Resistor_SMD:R_0805_2012Metric_Pad1.20x1.40mm_HandSolder","~","https://www.digikey.no/no/products/detail/yageo/AC0805FR-0710KL/2827834","","","",""
"","","R130","10k","Device:R","Resistor_SMD:R_0805_2012Metric_Pad1.20x1.40mm_HandSolder","~","https://www.digikey.no/no/products/detail/yageo/AC0805FR-0710KL/2827834","","","",""
"","","R131","10k","Device:R","Resistor_SMD:R_0805_2012Metric_Pad1.20x1.40mm_HandSolder","~","https://www.digikey.no/no/products/detail/yageo/AC0805FR-0710KL/2827834","","","",""
"","","R132","10k","Device:R","Resistor_SMD:R_0805_2012Metric_Pad1.20x1.40mm_HandSolder","~","https://www.digikey.no/no/products/detail/yageo/AC0805FR-0710KL/2827834","","","",""
"","","U101","DFR0555","mcu_centrifuge_library:DFR0555","Connector_PinHeader_2.54mm:PinHeader_1x04_P2.54mm_Vertical","","https://www.digikey.no/no/products/detail/trinamic-motion-control-gmbh/CABLE-PH04/9381900","","","",""
"","","U102","LCD16x2L","mcu_centrifuge_library:LCD16x2L","centrifuge_mcu:DFR0555","","","","","",""
"","","U103","TPS54294",":TPS54294_1","centrifuge_mcu:TSSOP-16-1EP_4.4x5mm_P0.65mm_EP3x3mm_ThermalVias_EXTRA","","","","","",""
"","","U104","TPS54294",":TPS54294_2","centrifuge_mcu:TSSOP-16-1EP_4.4x5mm_P0.65mm_EP3x3mm_ThermalVias_EXTRA","","","","","",""
"","","U105","TPS54294","mcu_centrifuge_library:TPS54294","centrifuge_mcu:TSSOP-16-1EP_4.4x5mm_P0.65mm_EP3x3mm_ThermalVias_EXTRA","","","","","",""
"","","U106","EFM32GG990F1024",":EFM32GG990F1024_2","centrifuge_mcu:BGA-112_9.0x9.0mm_Layout11x11_P0.8mm_Ball0.4mm_Pad0.35mm_NSMD","","","","","",""
"","","U107","4x4_keyboard","mcu_centrifuge_library:4x4_keyboard","centrifuge_mcu:Adafruit 3844","https://no.mouser.com/ProductDetail/Adafruit/3844?qs=qSfuJ%252Bfl%2Fd6WS5%252BJGim1hw%3D%3D","","","","",""
"","","Y101","VXM7-1366-48M0000000","Device:Crystal_GND24","Crystal:Crystal_SMD_TXC_7M-4Pin_3.2x2.5mm_HandSoldering","~","https://www.digikey.no/no/products/detail/microchip-technology/VXM7-1366-48M0000000/13175116?s=N4IgTCBcDaIGoA0CyB2AtARgMwDYdoBYAOJABnItJAF0BfIA","","","",""



"Collated Components:"

"Item","Qty","Reference(s)","Value","LibPart","Footprint","Datasheet","Purchase","Size","Threshold","Title","Tolerance"
"1","12","C101, C102, C103, C104, C105, C106, C129, C130, C131, C132, C133, C134","22u","Device:C","Capacitor_SMD:C_1206_3216Metric_Pad1.33x1.80mm_HandSolder","~","https://www.digikey.no/no/products/detail/samsung-electro-mechanics/CL31B226KQHNNNE/3888804","","","",""
"2","1","C107","100u","Device:C_Polarized_US","Capacitor_THT:CP_Radial_D10.0mm_P5.00mm","~","https://www.digikey.no/no/products/detail/panasonic-electronic-components/EEU-FC1H101/266332","","","",""
"3","6","C108, C109, C110, C123, C124, C125","10u","Device:C","Capacitor_SMD:C_1206_3216Metric_Pad1.33x1.80mm_HandSolder","~","https://www.digikey.no/no/products/detail/murata-electronics/GRT31CC81E106KE01L/5416837","","","",""
"4","12","C111, C112, C113, C114, C115, C116, C120, C121, C122, C126, C127, C128","100n","Device:C","Capacitor_SMD:C_1206_3216Metric_Pad1.33x1.80mm_HandSolder","~","https://www.digikey.no/no/products/detail/walsin-technology-corporation/1206B104K250CT/9355100","","","",""
"5","4","C117, C118, C119, C139","1u","Device:C","Capacitor_SMD:C_0805_2012Metric_Pad1.18x1.45mm_HandSolder","~","https://www.digikey.no/no/products/detail/kemet/C0805C105J4REC7800/8643700","","","",""
"6","11","C135, C136, C137, C140, C141, C143, C145, C146, C147, C148, C150","100n","Device:C","Capacitor_SMD:C_0805_2012Metric_Pad1.18x1.45mm_HandSolder","~","https://www.digikey.no/no/products/detail/taiyo-yuden/LMF212B7104KGHT/10379109","","","",""
"7","2","C138, C149","10u","Device:C_Polarized_US","Capacitor_SMD:CP_Elec_4x5.4","~","https://www.digikey.no/no/products/detail/nichicon/UWT1C100MCL1GB/589914","","","",""
"8","2","C142, C144","12p","Device:C","Capacitor_SMD:C_0805_2012Metric_Pad1.18x1.45mm_HandSolder","~","https://www.digikey.no/no/products/detail/vishay-vitramon/VJ0805A120FXJCW1BC/8307136","","","",""
"9","1","D101","LED_YELLOW_2V_20mA","Device:LED","Diode_SMD:D_0805_2012Metric_Pad1.15x1.40mm_HandSolder","~","https://www.digikey.no/no/products/detail/sunled/XZMYK54W-8/8259039","","","",""
"10","1","J101","Conn_02x06_Odd_Even","Connector_Generic:Conn_02x06_Odd_Even","Connector_PinHeader_2.54mm:PinHeader_2x06_P2.54mm_Vertical","~","","","","",""
"11","1","J102","FPGA_Power","Connector:Conn_01x06_Male","Connector_PinHeader_2.54mm:PinHeader_1x06_P2.54mm_Vertical","~","","","","",""
"12","1","J103","FPGA_extra","Connector:Conn_01x04_Male","Connector_PinHeader_2.54mm:PinHeader_1x04_P2.54mm_Vertical","~","","","","",""
"13","1","J104","FPGA_control","Connector:Conn_01x04_Male","Connector_PinHeader_2.54mm:PinHeader_1x04_P2.54mm_Vertical","~","","","","",""
"14","1","J105","FPGA_SPI","Connector:Conn_01x04_Male","Connector_PinHeader_2.54mm:PinHeader_1x04_P2.54mm_Vertical","~","","","","",""
"15","1","J106","DDC_I2Cs","Connector:Conn_01x04_Male","Connector_PinHeader_2.54mm:PinHeader_1x04_P2.54mm_Vertical","~","","","","",""
"16","1","J107","ACD_I2C","Connector:Conn_01x02_Male","Connector_PinHeader_2.54mm:PinHeader_1x02_P2.54mm_Vertical","~","","","","",""
"17","1","J108","ACD_RST","Connector:Conn_01x02_Male","Connector_PinHeader_2.54mm:PinHeader_1x02_P2.54mm_Vertical","~","","","","",""
"18","1","J109","USB_B_Micro","Connector:USB_B_Micro","Connector_USB:USB_Micro-B_Molex-105017-0001","~","https://www.digikey.no/no/products/detail/molex/1050171001/5293188","","","",""
"19","1","J110","Barrel_Jack","Connector:Barrel_Jack_Switch","Connector_BarrelJack:BarrelJack_CUI_PJ-102AH_Horizontal","~","https://www.digikey.no/no/products/detail/tensility-international-corp/54-00133/9685442","","","",""
"20","1","J111","PowerIn","Connector:Conn_01x02_Male","Connector_PinHeader_2.54mm:PinHeader_1x02_P2.54mm_Vertical","~","","","","",""
"21","1","J112","PowerPads","Connector:Conn_01x02_Male","centrifuge_mcu:PowerPads","~","","","","",""
"22","1","J113","Conn_02x10_Odd_Even","Connector_Generic:Conn_02x10_Odd_Even","Connector_PinHeader_1.27mm:PinHeader_2x10_P1.27mm_Vertical","~","","Cortex Debug+ETM Connector (1.27mm)","","",""
"23","1","J114","Conn_02x07_Counter_Clockwise","Connector_Generic:Conn_02x07_Odd_Even","Connector_PinHeader_2.54mm:PinHeader_2x07_P2.54mm_Vertical","~","","","","Extra GPIO",""
"24","1","J115","SD_Card","Connector:SD_Card","Connector_Card:SD_Kyocera_145638009511859+","http://portal.fciconnect.com/Comergent//fci/drawing/10067847.pdf","","","","",""
"25","3","L101, L102, L104","1.5u","Device:L","centrifuge_mcu:L_Sumida_CR75","~","https://www.digikey.no/no/products/detail/sumida-america-inc/0415CDMCCDS-1R5MC/9490383","","","","Ip>2.5A, Irms>2.1A"
"26","2","L103, L105","2.2u","Device:L","Inductor_SMD:L_Vishay_IHLP-2020","~","https://www.digikey.no/no/products/detail/vishay-dale/IHLP2020CZER2R2M5A/13985228","","","","Ip>2.9A, Irms>2.1A"
"27","1","L106","3.3u","Device:L","centrifuge_mcu:L_TDK_7065","~","https://www.digikey.no/no/products/detail/tdk-corporation/SPM6545VT-3R3M-D/14638088","","","","Ipeek>3.7A, Irms>2.3A"
"28","1","Q101","Q_PMOS_DGS","Device:Q_PMOS_GDS","Package_TO_SOT_THT:TO-220-3_Vertical","~","https://www.digikey.no/no/products/detail/infineon-technologies/SPP80P06PHXKSA1/2081673","","","",""
"29","1","Q102","Q_NMOS_GSD","Device:Q_NMOS_GSD","Package_TO_SOT_SMD:SOT-323_SC-70_Handsoldering","~","https://www.digikey.no/no/products/detail/panjit-international-inc/PJC138K-AU-R1-000A1/14661065","","","",""
"30","6","R101, R102, R103, R104, R105, R106","2.2k","Device:R","Resistor_SMD:R_0805_2012Metric_Pad1.20x1.40mm_HandSolder","~","https://www.digikey.no/no/products/detail/yageo/AC0805FR-072K2L/5896727","","","",""
"31","1","R107","5.6M","Device:R","Resistor_SMD:R_0805_2012Metric_Pad1.20x1.40mm_HandSolder","~","https://www.digikey.no/no/products/detail/stackpole-electronics-inc/RMCF0805FT5M60/1713201","","","","1%"
"32","1","R108","6.81k","Device:R","Resistor_SMD:R_0805_2012Metric_Pad1.20x1.40mm_HandSolder","~","https://www.digikey.no/no/products/detail/stackpole-electronics-inc/RNCP0805FTD6K81/2240257","","1%","",""
"33","6","R109, R111, R113, R118, R120, R122","22.1k","Device:R","Resistor_SMD:R_0805_2012Metric_Pad1.20x1.40mm_HandSolder","~","https://www.digikey.no/no/products/detail/stackpole-electronics-inc/RNCP0805FTD22K1/2240273","","1%","","1%"
"34","1","R110","33k","Device:R","Resistor_SMD:R_0805_2012Metric_Pad1.20x1.40mm_HandSolder","~","https://www.digikey.no/no/products/detail/yageo/AC0805FR-0733KL/5896774","","","","1%"
"35","2","R112, R119","73.2k","Device:R","Resistor_SMD:R_0805_2012Metric_Pad1.20x1.40mm_HandSolder","~","https://www.digikey.no/no/products/detail/yageo/RC0805FR-0773K2L/728129","","1%","",""
"36","3","R114, R115, R116","100k","Device:R","Resistor_SMD:R_0805_2012Metric_Pad1.20x1.40mm_HandSolder","~","https://www.digikey.no/no/products/detail/yageo/AC0805FR-07100KL/5896520","","","",""
"37","1","R117","30.1k","Device:R","Resistor_SMD:R_0805_2012Metric_Pad1.20x1.40mm_HandSolder","~","https://www.digikey.no/no/products/detail/yageo/RC0805FR-0730K1L/727845","","","","1%"
"38","1","R121","124k","Device:R","Resistor_SMD:R_0805_2012Metric_Pad1.20x1.40mm_HandSolder","~","https://www.digikey.no/no/products/detail/stackpole-electronics-inc/RMCF0805FT124K/1760657","","","","1%"
"39","1","R123","62","Device:R","Resistor_SMD:R_0805_2012Metric_Pad1.20x1.40mm_HandSolder","~","https://www.digikey.no/no/products/detail/yageo/AC0805FR-0762RL/5896938","","","",""
"40","9","R124, R125, R126, R127, R128, R129, R130, R131, R132","10k","Device:R","Resistor_SMD:R_0805_2012Metric_Pad1.20x1.40mm_HandSolder","~","https://www.digikey.no/no/products/detail/yageo/AC0805FR-0710KL/2827834","","","",""
"41","1","U101","DFR0555","mcu_centrifuge_library:DFR0555","Connector_PinHeader_2.54mm:PinHeader_1x04_P2.54mm_Vertical","","https://www.digikey.no/no/products/detail/trinamic-motion-control-gmbh/CABLE-PH04/9381900","","","",""
"42","1","U102","LCD16x2L","mcu_centrifuge_library:LCD16x2L","centrifuge_mcu:DFR0555","","","","","",""
"43","1","U103","TPS54294",":TPS54294_1","centrifuge_mcu:TSSOP-16-1EP_4.4x5mm_P0.65mm_EP3x3mm_ThermalVias_EXTRA","","","","","",""
"44","1","U104","TPS54294",":TPS54294_2","centrifuge_mcu:TSSOP-16-1EP_4.4x5mm_P0.65mm_EP3x3mm_ThermalVias_EXTRA","","","","","",""
"45","1","U105","TPS54294","mcu_centrifuge_library:TPS54294","centrifuge_mcu:TSSOP-16-1EP_4.4x5mm_P0.65mm_EP3x3mm_ThermalVias_EXTRA","","","","","",""
"46","1","U106","EFM32GG990F1024",":EFM32GG990F1024_2","centrifuge_mcu:BGA-112_9.0x9.0mm_Layout11x11_P0.8mm_Ball0.4mm_Pad0.35mm_NSMD","","","","","",""
"47","1","U107","4x4_keyboard","mcu_centrifuge_library:4x4_keyboard","centrifuge_mcu:Adafruit 3844","https://no.mouser.com/ProductDetail/Adafruit/3844?qs=qSfuJ%252Bfl%2Fd6WS5%252BJGim1hw%3D%3D","","","","",""
"48","1","Y101","VXM7-1366-48M0000000","Device:Crystal_GND24","Crystal:Crystal_SMD_TXC_7M-4Pin_3.2x2.5mm_HandSoldering","~","https://www.digikey.no/no/products/detail/microchip-technology/VXM7-1366-48M0000000/13175116?s=N4IgTCBcDaIGoA0CyB2AtARgMwDYdoBYAOJABnItJAF0BfIA","","","",""
